district_name,grids,frontier_grids,mean_frontier_neighbor_share,p95_frontier_neighbor_share
龙岗区,3314,135,0.040776144495215105,0.375
宝安区,1726,128,0.07427095403630746,0.5
龙华区,733,102,0.1388130968622101,0.75
南山区,881,59,0.06711123723041998,0.5
福田区,344,42,0.12037998338870431,0.5
光明区,645,17,0.026937984496124032,0.125
罗湖区,336,11,0.03499858276643991,0.1488095238095238
坪山区,690,6,0.008695652173913044,0.0
盐田区,380,3,0.008405388471177944,0.0
