,frontier_count,jaccard_vs_baseline
mean,545.813,0.9538963925482665
std,22.016829285157563,0.023887612642480842
min,458.0,0.8134991119005328
max,606.0,0.9945553539019963
