district_name,district,n,pass_n,pass_rate
龙岗区,Longgang,82,1,0.0121951219512195
光明区,Guangming,45,1,0.0222222222222222
坪山区,Pingshan,46,2,0.0434782608695652
盐田区,Yantian,42,2,0.0476190476190476
宝安区,Baoan,81,4,0.0493827160493827
福田区,Futian,266,23,0.0864661654135338
龙华区,Longhua,122,11,0.0901639344262295
南山区,Nanshan,211,21,0.0995260663507109
罗湖区,Luohu,105,12,0.1142857142857142
